{"cameraMode":{"drawMode":0,"name":"Shaded","section":"Shading Mode"},"sceneLighting":true,"audioPlay":false,"sceneViewState":{"m_AlwaysRefresh":false,"showFog":true,"showSkybox":true,"showFlares":true,"showImageEffects":true,"showParticleSystems":true,"showVisualEffectGraphs":true,"m_FxEnabled":true},"in2DMode":false,"pivot":{"x":0.7074339389801025,"y":4.208892822265625,"z":3.014371633529663},"rotation":{"x":0.023798007518053056,"y":-0.7234413027763367,"z":0.02496868558228016,"w":0.6895238161087036},"size":4.026639461517334,"orthographic":true}