{"cameraMode":{"drawMode":0,"name":"Shaded","section":"Shading Mode"},"sceneLighting":true,"audioPlay":false,"sceneViewState":{"m_AlwaysRefresh":false,"showFog":true,"showSkybox":true,"showFlares":true,"showImageEffects":true,"showParticleSystems":true,"showVisualEffectGraphs":true,"m_FxEnabled":true},"in2DMode":false,"pivot":{"x":139.85491943359376,"y":-903.1464233398438,"z":1071.8199462890625},"rotation":{"x":-0.34290313720703127,"y":-0.059263598173856738,"z":0.021962013095617296,"w":-0.9374021887779236},"size":728.0806274414063,"orthographic":false}