{"cameraMode":{"drawMode":0,"name":"Shaded","section":"Shading Mode"},"sceneLighting":true,"audioPlay":false,"sceneViewState":{"m_AlwaysRefresh":false,"showFog":true,"showSkybox":true,"showFlares":true,"showImageEffects":true,"showParticleSystems":true,"showVisualEffectGraphs":true,"m_FxEnabled":true},"in2DMode":false,"pivot":{"x":-10.126275062561036,"y":0.0992131233215332,"z":-1.1061532497406006},"rotation":{"x":0.036675237119197848,"y":-0.7658839821815491,"z":0.04164271056652069,"w":0.6408509612083435},"size":9.879114151000977,"orthographic":false}