{"cameraMode":{"drawMode":0,"name":"Shaded","section":"Shading Mode"},"sceneLighting":true,"audioPlay":false,"sceneViewState":{"m_AlwaysRefresh":false,"showFog":true,"showSkybox":true,"showFlares":true,"showImageEffects":true,"showParticleSystems":true,"showVisualEffectGraphs":true,"m_FxEnabled":true},"in2DMode":false,"pivot":{"x":4.115445613861084,"y":5.609643459320068,"z":63.49770736694336},"rotation":{"x":0.031480684876441959,"y":-0.029684798792004586,"z":-0.0009348901803605259,"w":-0.9990704655647278},"size":32.63227081298828,"orthographic":false}